{
  "lang": "TR",
  "phName": "İsminiz",
  "phPass": "Şifreniz",
  "inUserName": "Kullanıcı Adı",
  "inPassword": "Şifre",
  "inPasswordAgain": "Şifre Doğrula",
  "login": "Giriş",
  "email": "E-posta Adresiniz",
  "pass": "Şifreniz",
  "name": "Adınız",
  "forgotPass": "Şifrenizi mi unuttunuz?",
  "checkAccount": "Hesabınız yok mu? ",
  "createAccount": "Hesap Oluştur",
  "changeLang": "Dili Değiştir",
  "inEmail": "E-posta Adresi",
  "inName": "Adınız",
  "submit": "Gönder",
  "forgotPassHeader": "Şifremi Unuttum",
  "validateMail": "Geçersiz Mail Adresi",
  "validatePassLength": "Şifre en az 6 karakter olmalıdır.",
  "validatePassMatch": "Şifreler birbiri ile aynı olmalıdır.",
  "validateFillAll": "Lütfen Tüm Alanları Doldurunuz",
  "validateMailPass": "Mail Adresi ve Şifrenizi Doğru Giriniz",
  "accountCreated": "Hesabınız Oluşturuldu. E-posta adresinize doğrulama linki gönderildi.",
  "errAccountCreate": "Hesabınız Oluşturulamadı. Daha önce sistemde kullandığınız e-posta adresiyle ikinci bir hesap alamazsınız.",
  "createAccountHeader": "Hesap Oluştur",
  "methods": "Yöntemler",
  "addDeviceText": "Cihaz eklemek için cihaz üzerindeki kodu ya da QR kodunu kullanın.",
  "inDeviceCode": "Cihaz Kodu",
  "inDeviceName": "Cihaz Adı",
  "phDeviceName": "Örn. Ev, İş Yeri vb.",
  "add": "Ekle",
  "connErr": "Bağlantı Hatası",
  "connFail": "Bağlantı Başarısız",
  "readQR": "Lütfen hırsız alarm cihazınızın cihaz ekleme sayfasını açıp QR kodunu okutunuz",
  "sirenErr": "Siren kapağı açılmış, siren aküsü bitmek üzere veya akü ömrünü doldurduğu için değişmesi gerekmektedir.",
  "panicErr": "Panik hata",
  "powerErr": "Besleme voltajı aküyü şarj etmeye yetmeyecek kadar düşüktür. Santral içerisindeki trafo kontrol edilmelidir.",
  "batteryErr": "Sistem uzun süredir aküden beslendiği için akü bitmek üzeredir, şarj edilmelidir veya akü ömrünü tamamladığı için şarj olamıyordur, akünün değiştirilmesi gerekir.",
  "sirenAlarm": "Dış siren aküsü bağlı değildir veya sigortası atmıştır. Bağlantıların kontrol edilmesi, sigortanın değişmesi gerekir.",
  "panicAlarm": "Panik alarm",
  "powerAlarm": "Şebeke elektriği kesilmiştir veya santral besleme girişindeki sigorta atmıştır. Santral akü tarafından beslenmektedir. Akü bitince sistem kapanır.",
  "batteryAlarm": "Akü bağlı değildir veya akü sigortası atmıştır. Bağlantıların kontrol edilmesi, sigortanın değişmesi gerekir.",
  "batteryNotFound": "Akü bağlı değil, bağlantıları kontrol edin.",
  "statusDisabled": "Kapalı",
  "statusArmed": "Kurulu",
  "statusHome": "İçerde",
  "statusProgram": "Programlı \n ",
  "statusProgramAway": "Programlı \n Dışardayım",
  "statusProgramHome": "Programlı \n Evdeyim",
  "home": "Evdeyim",
  "away": "Dışardayım",
  "disable": "Devre Dışı",
  "zon": "Zon",
  "status": "Durum",
  "sure": "Emin misiniz?",
  "alarmWillSound": "Sisteminizde hatalar görünüyor sistemi kurduğunuzda sirenler çalacak.",
  "arm": "Kur",
  "cancel": "İptal",
  "noDeviceFound": "Bağlı Cihaz Yok",
  "mustAddDevice": "Uygulamayı kullanabilmek için hırsız alarm sisteminizi eklemeniz gerekmektedir.",
  "addDevice": "Cihaz Ekle",
  "connectionFailed": "Bağlantı Hatası",
  "sorry": "Üzgünüz, ",
  "connErrMakeSure": "Bağlantı hatası oluştu. Cihazınızın çevrimiçi olduğundan emin olunuz.",
  "tryAgain": "Tekrar Deneyiniz",
  "akmErr": "AKM ayarları yüklenemedi",
  "akm": "AKM",
  "akmConnAddress": "AKM Bağlantı Adresi/IP Adresi",
  "akmConnPort": "AKM Bağlantı Portu",
  "akmUserNo": "AKM Kullanıcı Hesap Numarası",
  "akmPing": "AKM Ping Aralığı",
  "password": "Şifre",
  "system": "Sistem",
  "program": "Program",
  "phones": "Telefon Numaraları",
  "phonesHeader": "Telefonlar",
  "dateTime": "Tarih Saat",
  "notification": "Bildirim",
  "eventLog": "Olay Kaydı",
  "resetDevice": "Cihazı Resetle",
  "users": "Kullanıcılar",
  "passwordSub": "Panik şifresi, Sessiz Alarm şifresi, Master şifre ayarları",
  "systemSub": "Süre, tekrar ve limit ayarları",
  "zonSub": "Zon tipi ayarları",
  "programSub": "Hafta içi, hafta sonu için sistemin yapılandırılması ve program modu",
  "phoneSub": "Alarm durumlarında aranması için telefon numarası tanımlama",
  "dateTimeSub": "Sistem tarihi ve saatini ayarlama",
  "notificationSub": "Bildirim ayarları",
  "akmSub": "Alarm kontrol merkezi ayarları",
  "eventLogSub": "Olay kayıt raporunu görüntüleyebilirsiniz",
  "resetDeviceSub": "Cihazınızı fabrika ayarlarına sıfırlayabilirsiniz",
  "usersSub": "Cihazınıza kayıtlı tüm kullanıcıları görüntüleyin",
  "dateTimeTop": "Güvenlik sisteminin program özelliğinin çalışabilmesi için gerçek zamanlı tarih zaman bilgisini içerir.",
  "dateTimeBot": "Sistem Tarih Saati",
  "timeLoadErr": "Zaman bilgisi yüklenemedi",
  "userLoadErr": "Kullanıcı bilgisi yüklenemedi",
  "delete": "Sil",
  "userRemoved": "Kullanıcı eşleşmesi kaldırıldı",
  "userRemoveFailed": "İşlem başarısız tekrar deneyin",
  "eventLoadErr": "Olaykaydı bilgisi yüklenemedi",
  "month1": "Ocak",
  "month2": "Şubat",
  "month3": "Mart",
  "month4": "Nisan",
  "month5": "Mayıs",
  "month6": "Haziran",
  "month7": "Temmuz",
  "month8": "Ağustos",
  "month9": "Eylül",
  "month10": "Ekim",
  "month11": "Kasım",
  "month12": "Aralık",
  "day1": "Pazartesi",
  "day2": "Salı",
  "day3": "Çarşamba",
  "day4": "Perşembe",
  "day5": "Cuma",
  "day6": "Cumartesi",
  "day7": "Pazar",
  "deviceID": "Cihaz ID",
  "hardwareVersion": "Donanım Versiyonu",
  "firmwareVersion": "Firmware Versiyonu",
  "showDeviceInfo": "Cihaz bilgilerini göster",
  "accountInfo": "Hesap Bilgileri",
  "userName": "Kullanıcı Adı",
  "userMail": "Kullanıcı Maili",
  "deviceInfo": "Cihaz Bilgileri",
  "removeDevice": "Cihazı Kaldır",
  "remove": "Kaldır",
  "removedAccount": "Cihazınızı tekrar kullanabilmek için yeniden tanımlamanız yeterli.",
  "exit": "Çıkış Yap",
  "exitNotification": "Çıkış yaptığınızda herhangi bir bildirim alamayacaksınız.",
  "endSession": "Oturumu Kapat",
  "notif1": "1- Bildirim",
  "notif1Text": "Telefonunuza gelecek tüm bildirimleri açıp/kapatabilirsiniz",
  "notif2": "2- E-posta",
  "notif2Text": "E-posta yoluyla bildirim almayı açıp/kapatabilirsiniz",
  "notif3": "3- Batarya az",
  "notif3Text": "Cihazınızın bataryası azaldığında bildirim almak için",
  "notif4": "4- Batarya bitti",
  "notif4Text": "Cihazınızın bataryası bittiğinde bildirim almak için",
  "notif5": "5- Elektrik",
  "notif5Text": "Cihazınızın elektriği kesildiğine bildirim almak için",
  "notif6": "6- Siren hata",
  "notif6Text": "Cihazınızın siren hatası oluştuğunda bildirim almak için",
  "notif7": "7- Cihaz kuruldu",
  "notif7Text": "Cihazınız tuş takımıyla kurulduğunda ",
  "notif8": "8- Cihaz uzaktan kuruldu",
  "notif8Text": "Cihazınız uzaktan kurulduğunda",
  "notif9": "9- Hat hatası",
  "notif9Text": "Hat hatası oluştuğunda",
  "notif10": "10- Çevrimdışı hatası",
  "notif10Text": "Cihazınızın interneti kesildiğinde",
  "notif11": "20- Cihaz yeniden başlatıldı",
  "notif11Text": "Cihazınızın yeniden başlatıldığında bildirim almak için",
  "notif12": "11- Santral kapak açılması",
  "notif12Text": "Santral kapağı açıldığında bildirim almak için",
  "notif13": "12- Siren kapak hatası",
  "notif13Text": "Siren kapağı açıldığında bildirim almak için",
  "notif14": "13- Keypad sökülmesi",
  "notif14Text": "Keypad yerinden söküldüğünde bildirim almak için",
  "notif15": "14- Jammer hatası",
  "notif15Text": "Sinyal bozucu devreye girdiğinde bildirim almak için",
  "notif16": "15- Telefon hattı hatası",
  "notif16Text": "Telefon hattı kopması durumunda bildirim almak için",
  "notif17": "16- Kayıp RF sensör hatası",
  "notif17Text": "RF sensörlerden uzun süre veri alınamadığı durumda bildirim almak için",
  "notif18": "17- RF sensör pil durumu",
  "notif18Text": "RF sensörlerin pil durumu hakkında bildirim almak için",
  "notif19": "18- RF sensör ekleme/çıkarma",
  "notif19Text": "Cihaza RF sensör eklendiğinde/çıkarıldığında bildirim almak için",
  "notif20": "19- RF sensör tamper hatası",
  "notif20Text": "RF sensörlerin tamper hatası durumda bildirim almak için",
  "notifLoadErr": "Bildirim ayarları yüklenemedi",
  "pass1": "1. Kullanıcı Şifresi",
  "pass1Text": "1. Kullanıcı Şifresini Değiştir",
  "pass2": "2. Kullanıcı Şifresi",
  "pass2Text": "2. Kullanıcı Şifresini Değiştir",
  "pass3": "3. Kullanıcı Şifresi",
  "pass3Text": "3. Kullanıcı Şifresini Değiştir",
  "pass4": "4. Kullanıcı Şifresi",
  "pass4Text": "4. Kullanıcı Şifresini Değiştir",
  "pass5": "5. Kullanıcı Şifresi",
  "pass5Text": "5. Kullanıcı Şifresini Değiştir",
  "pass6": "Sessiz Alarm Şifresi",
  "pass6Text": "Sessiz Alarm Şifresini Değiştir",
  "pass7": "Panik Alarm Şifresi",
  "pass7Text": "Panik Alarm Şifresini Değiştir",
  "pass8": "Master Şifre",
  "pass8Text": "Master Şifreyi Değiştir",
  "phoneLoadErr": "Telefon bilgisi yüklenemedi",
  "phone1": "1. Telefon Numarası",
  "phone2": "2. Telefon Numarası",
  "phone3": "3. Telefon Numarası",
  "phone4": "4. Telefon Numarası",
  "phone5": "5. Telefon Numarası",
  "phone6": "6. Telefon Numarası",
  "phone7": "7. Telefon Numarası",
  "phone8": "8. Telefon Numarası",
  "phone9": "9. Telefon Numarası",
  "phPhone": "Telefon Numarası",
  "system1": "1- Giriş Süresi",
  "system2": "2- Çıkış Süresi",
  "system3": "3- Siren Süresi",
  "system4": "4- Alarm Tekrar Sayısı",
  "system1Unit": "saniye",
  "system2Unit": "saniye",
  "system3Unit": "dakika",
  "system4Unit": "defa",
  "resetDeviceText": "Cihazınızı fabrika ayarlarına geri döndürmek cihazda kayıtlı tüm ayarlar ve verilerinizi silecektir. Olay kaydınız ve mobil uygulama hesabınız bu işlemden etkilenmez. Sistemin resetlenmesi için güvenlik sistemi ana kartının üzerinde bulunan reset jumper pininin kısa devre edilmesi gerekir.",
  "success": "İşlem Başarılı",
  "fail": "İşlem Başarısız",
  "deviceLogin": "Ayarlarda değişiklik yapabilmek için cihazının master şifresiyle oturum açmalısınız.",
  "deviceLoginSuccess": "Oturum açma işlemi başarılı.",
  "deviceLoginFail": "Oturum açma işlemi başarısız. Tekrar deneyiniz",
  "back": "Geri",
  "profile": "Profilim",
  "device": "Cihazlar",
  "settings": "Ayarlar",
  "errorInfo": "Hata Bilgisi",
  "close": "Kapat",
  "fireZone": "Yangın Zonu",
  "faultSymbol": "Hata Sembolleri",
  "faultSiren": "Siren Hatası",
  "alarmPanic": "Panik alarm",
  "faultElectricity": "Elektrik Hatası",
  "faultBattery": "Akü Hatası",
  "noBattery": "Akü Yok Hatası",
  "weekday": "Hafta içi",
  "saturday": "Cumartesi",
  "sunday": "Pazar",
  "notProgrammed": "Programlanmadı",
  "armProgrammed": "Program Modunda Kur",
  "selectStartTime": "Başlangıç Saati Seçiniz",
  "selectEndTime": "Bitiş Saati Seçiniz",
  "ok": "Tamam",
  "armMode": "Kurulum Modu",
  "zoneSetting": "Zon Ayarı",
  "zoneType1": "1. Zon Tipi",
  "zoneType2": "2. Zon Tipi",
  "zoneType3": "3. Zon Tipi",
  "zoneType4": "4. Zon Tipi",
  "zoneType5": "5. Zon Tipi",
  "zoneType6": "6. Zon Tipi",
  "zoneType7": "7. Zon Tipi",
  "zoneType8": "8. Zon Tipi",
  "zoneNameText": "Zon için bir isim belirleyiniz",
  "phZoneName": "Zon noktasına bir isim veriniz",
  "selectZoneType": "Zon tipini seçiniz",
  "selectZoneConnectType": "Zon bağlantı tipini seçiniz",
  "disarmed": "Kapalı",
  "warning": "Uyarı",
  "hour24": "24 Saat",
  "instant": "Ani",
  "normal": "Normal",
  "silent": "Sessiz",
  "homeType": "Dahili",
  "special": "Özel",
  "normallyClosed": "Normalde Kapalı",
  "normallyOpen": "Normalde Açık",
  "open": "Açık",
  "closed": "Kapalı",
  "resetPassword": "Şifre Sıfırlama",
  "akmHeader": "AKM Ayar",
  "dateTimeHeader": "Tarih Saat",
  "deviceUserHeader": "Kullanıcılar",
  "eventLogHeader": "Olay Kaydı",
  "notificationHeader": "Bildirim",
  "passwordHeader": "Şifre",
  "phoneHeader": "Telefon",
  "programHeader": "Program",
  "resetDeviceHeader": "Reset",
  "systemHeader": "Sistem",
  "zoneSettingHeader": "Zon Ayar",
  "settingsTabHeader": "Yönetim Paneli",
  "awaitingDevice": "Kullanıcı girişi bekleniyor",
  "addSuccess": "Ekleme Başarılı.",
  "addFail": "Ekleme başarısız. Cihazınızın internet bağlantısını kontrol ediniz.",
  "deviceInfoFail": "Cihaz bilgisine ulaşılamadı",
  "logDisabled": "Sistem devre dışı bırakıldı",
  "logArmedRemotely": "Sistem uzaktan kumandayla kuruldu.",
  "logDisarmedRemotely": "Sistem uzaktan kumandayla kapatıldı.",
  "logZoneError": "Hat arızası oluştu.",
  "logZoneErrorEnd": "Hat arızası giderildi.",
  "logAlarmActive": "Alarm sisteminiz alarm durumuna geçti",
  "logSilent": "Alarm sisteminiz sessiz modda alarm durumuna geçti!",
  "logPanic": "Alarm sisteminiz panik modda alarm durumuna geçti!",
  "logElectricity": "Elektrik Kesildi",
  "logElectricityEnd": "Elektrik kesintisi giderildi",
  "logInternet": "Cihazınızın internet bağlantısı koptu",
  "logArmed": "Sistem kuruldu",
  "logUserRemoved": "Kullanıcı eşleşmesi silindi",
  "askShutDown": "Uygulamadan çıkmak istediğinize emin misiniz?",
  "logInfo": "Bilgi",
  "logErr": "Hata",
  "logErr2": "Hata",
  "logAlarm": "Alarm",
  "logRemote": "Uzaktan kumanda",
  "zone1": "1 numaralı zon",
  "zone2": "2 numaralı zon",
  "zone3": "3 numaralı zon",
  "zone4": "4 numaralı zon",
  "zone5": "5 numaralı zon",
  "zone6": "6 numaralı zon",
  "zone7": "7 numaralı zon",
  "zone8": "8 numaralı zon",
  "user1": "1 numaralı kullanıcı",
  "user2": "2 numaralı kullanıcı",
  "user3": "3 numaralı kullanıcı",
  "user4": "4 numaralı kullanıcı",
  "user5": "5 numaralı kullanıcı",
  "user6": "6 numaralı kullanıcı",
  "user7": "7 numaralı kullanıcı",
  "user8": "master kullanıcı",
  "logPanicAlarm": "Sistem panik modda alarma geçti",
  "logAlarmEvent": "Alarm sisteminiz alarm durumuna geçti!",
  "logSilentAlarm": "Sistem sessiz modda alarma geçti",
  "userMatch": "kullanıcı cihazınızla eşleşti",
  "userMatchRemoved": "kullanıcı cihaz eşleşmesi silindi",
  "logArmedKeypad": "Sistem tuş takımıyla kuruldu.",
  "logDisarmedKeypad": "Sistem tuş takımıyla kapatıldı.",
  "disableAlert": "Devre Dışı Bırak",
  "disableAlertText": "Seçtiğiniz devre dışı bırakma moduna göre sistem devre dışı bırakılacak. Panik modunda sirenlerin çalacağını unutmayın.",
  "disableAlertPanic": "Panik",
  "reset": "Resetle",
  "logBatteryFixed": "Akü yok hatası giderildi",
  "deleteProgram": "Sil",
  "editProgram": "Güncelle",
  "loading": "Yükleniyor...",
  "zonStatusNormal": "Zon durumu normal.",
  "lineBroken": "Hat kopuk.",
  "deviceUnreached": "Zone'da ulaşılamayan cihaz var.",
  "lineShortCircuit": "Hat kısa devre.",
  "lineAlarmed": "Hat alarm durumunda.",
  "internetConnFail": "Bağlantı başarısız, internet bağlantınızı kontrol ediniz.",
  "validateFillEmail": "Lütfen e-mail kısmını doldurunuz.",
  "panicButton": "Panik Butonu",
  "panicButtonDescription": "Acil bir durumda cihazınıza kayıtlı kullanıcılara lokasyon bilgilerinizi gönderir.",
  "panicLocationButton": "Gelen Panik Bildirimini Gör",
  "panicLocationDescription": "En son gelen panik bildirimi lokasyonunu açılır ekranda gösterir.",
  "showOnMap": "Haritada Göster",
  "locationPermissionRequest": "GPS erişim izninize ihtiyacımız var.",
  "locationPermissionDescription": "Panik alarm modunda cihazınıza kayıtlı diğer kullanıcılara konumunuzu gönderebilmek için izninize ihtiyacımız var.",
  "languageHeader": "Dil",
  "languageDescription": "Uygulamanın dil ayarı",
  "changeLanguage": "Dili Değiştir",
  "changeLanguageDescription": "Dilin değiştirilebilmesi için uygulama yeniden başlayacak. Bir sonraki uygulama başlangıcında seçtiğiniz dili kullanıyor olacaksınız.",
  "changeLanguageDescriptionConfirm": "Uygulama bu işlem için yeniden başlayacak. Emin misiniz?",
  "turkish": "Türkçe",
  "english": "İngilizce",
  "panicModAlarm": "Alarm sisteminiz panik modda alarm durumuna geçti!",
  "connectionLostEth": "Cihazınızın ethernet modülü internet bağlantısı koptu",
  "connectionLostWifi": "Cihazınızın WiFi modülü internet bağlantısı koptu",
  "connectionLostGPRS": "Cihazınızın GPRS modülü internet bağlantısı koptu",
  "locationGetError": "Lokasyon bilgisi alınamadı. Lokasyon servislerini açınız.",
  "panicLocationDataNotFound": "Cihaza kayıtlı kullanıcılara ait panik alarm lokasyon verisi bulunamadı.",
  "setAlarmSystem": "Kurulum Zamanı",
  "cancelAlarmSystem": "Kapanma Zamanı",
  "newDateSystem": "Yeni Sistem Tarihi",
  "newHourSystem": "Yeni Sistem Saati",
  "programSettingDone": "Program ayarı yüklendi.",
  "programSettingError": "Program ayarı yüklenemedi.",
  "failResetPassSend": "E-posta adresinize, e-posta gönderilemedi.",
  "tryAgainResetPass": "E-posta gönderilemedi, lütfen e-posta adresiniz kontrol edip tekrar deneyiniz.",
  "loginFail": "Giriş başarısız. Kullanıcı adınız yada şifreniz doğru değil.",
  "loginFailActivate": "Giriş başarısız. Lütfen e-posta adresinize gelen e-posta ile hesabınızı aktifleştiriniz.",
  "changePasswordTitle": "Şifre Değiştirme",
  "changePasswordSubtitle": "Kullanıcı giriş şifrenizi buradan değiştirebilirsiniz.",
  "changePassword": "Şifreyi Değiştir",
  "newPassword": "Yeni şifre",
  "newPasswordAgain": "Yeni şifre tekrar",
  "passwordMatchFail": "Girdiğiniz şifreler aynı değil.",
  "passwordChangeOK": "Şifreniz başarılı bir şekilde değiştirildi.",
  "passwordChangeError": "Şifre değiştirme işlemi başarısız oldu.",
  "remindActivation": "Bu e-posta hesabına gelen aktivasyon linki üzerinden hesabınızı aktifleştirmeniz gerekir.",
  "chooseDeviceHeader": "Cihaz Seçimi",
  "chooseDevice": "Bağlanmak istediğiniz cihazı seçiniz.",
  "chooseADevice": "Cihazı seçiniz",
  "chooseDeviceButton": "Seçili Cihazla İşleme Devam Et",
  "deviceName": "Cihaz Adı",
  "newDeviceName": "Yeni cihaz adı",
  "changeDeviceName": "Cihaz Adı Değiştir",
  "deviceNameNotEmpty": "Cihaz adı kısmı boş bırakılamaz.",
  "deviceNameChangeOK": "Cihaz adı başarılı bir şekilde değiştirildi.",
  "deviceNameChangeError": "Cihaz adı değiştirme işlemi başarısız oldu.",
  "addNewDeviceTitle": "Cihaz Ekle",
  "addNewDeviceSubtitle": "Hesabınıza yeni cihazınızı buradan ekleyebilirsiniz.",
  "newDeviceID": "Yeni cihaz ID'si",
  "deviceNameOrDeviceIdNotValid": "Cihaz ID'si 8 yada 20 haneli olmalıdır.",
  "deviceNameHaveto3Word": "Cihaz ismi en az 3 karakter olmalı.",
  "deviceNameOrDeviceIdNotEmpty": "Cihaz ID ve adı kısımları boş bırakılamaz.",
  "waitingUser": "Kullanıcı panel girişi bekleniyor",
  "changeActiveDevice": "Aktif Cihazı Değiştir",
  "changeActiveDeviceSubtitle": "Hesabınıza ekli diğer cihazlarınıza buradan geçiş yapabilirsiniz.",
  "selectDeviceToCont": "Devam etmek için lütfen bir cihaz seçiniz.",
  "centralDoorOpen": "Santral Kapağı Hatası",
  "noPhoneLine": "Telefon Hattı Hatası",
  "keypadError": "Keypad Hatası",
  "jammerError": "Sinyal Bozucu Hatası",
  "programming": "Programlı",
  "userPassword": "Kullanıcı Şifreleri",
  "changeUserPassword": "Kullanıcı şifrelerinin değiştirilmesi",
  "changeUserPasswordPage": "Kullanıcı Şifresinin Değiştirilmesi",
  "resetPasswordWithZero": "Şifre iptali için 0000 giriniz.",
  "whichUser": "Kullanıcı numarası",
  "sectionPanicPassword": "Panik Alarm Şifreleri",
  "changeSectionPanicPassword": "Bölge panik alarm şifrelerinin değiştirilmesi",
  "changeSectionPanicPasswordPage": "Panik Alarm Şifresinin Değiştirilmesi",
  "sectionSilentPassword": "Sessiz Alarm Şifreleri",
  "changeSectionSilentPassword": "Bölge sessiz alarm şifrelerinin değiştirilmesi",
  "changeSectionSilentPasswordPage": "Sessiz Alarm Şifresinin Değiştirilmesi",
  "sectionMasterPassword": "Master Şifreleri",
  "changeSectionMasterPassword": "Bölge master şifrelerinin değiştirilmesi",
  "changeSectionMasterPasswordPage": "Master Şifresinin Değiştirilmesi",
  "pcRemotePassword": "PC/Uzak Bağlantı Şifresi",
  "changePCRemotePassword": "PC/Uzak bağlantı şifresinin değiştirilmesi",
  "changePCRemotePasswordPage": "PC/Uzak Bağlantı Şifresinin Değiştirilmesi",
  "deviceMasterPassword": "Cihaz Master Şifresi",
  "changeDeviceMasterPassword": "Cihaz master şifresinin değiştirilmesi",
  "changeDeviceMasterPasswordPage": "Cihaz Master Şifresinin Değiştirilmesi",
  "sectionNumber": "Bölge numarası",
  "maxUserNumber": "Kullanıcı numarası en büyük 30 olabilir.",
  "maxSectionNumber": "Bölge numarası en büyük 4 olabilir.",
  "entryDelayTimer": "Giriş Süreleri",
  "entryDelayTimerSub": "Giriş sürelerinin ayarlanması",
  "exitDelayTimer": "Çıkış Süreleri",
  "exitDelayTimerSub": "Çıkış sürelerinin ayarlanması",
  "sirenSoundingDuration": "Siren Çalma Süresi",
  "sirenSoundingDurationSub": "Siren çalma süresinin ayarlanması",
  "alarmRepeatCount": "Alarm Tekrar Sayısı",
  "alarmRepeatCountSub": "Alarm tekrar sayısının ayarlanması",
  "phoneCallLineSelection": "Telefon Araması Hat Seçimi",
  "phoneCallLineSelectionSub": "Telefon araması yapılacak hat seçiminin ayarlanması",
  "gsmGprsModSelection": "GSM/GPRS Mod Seçimi",
  "gsmGprsModSelectionSub": "GSM/GPRS mod seçiminin ayarlanması",
  "smsNotificationSetting": "SMS Bildirim Ayarı",
  "smsNotificationSettingSub": "SMS bildirim ayarının açılması/kapatılması",
  "numberCallRepetitions": "Arama Tekrar Sayısı",
  "numberCallRepetitionsSub": "Arama tekrar sayısının ayarlanması",
  "numberPhoneRings": "Telefon Araması Çalma Sayısı",
  "numberPhoneRingsSub": "Telefon araması çalma sayısının ayarlanması",
  "passwordFreeArm": "Şifresiz Kurulum Ayarı",
  "passwordFreeArmSub": "Şifresiz kuruluma izin verilmesi/verilmemesi",
  "audioFeedback": "Sesli Geri Bildirim",
  "audioFeedbackSub": "Sesli geri bildirim ayarları",
  "centralBuzzerSetting": "Santral Buzzer Ayarı",
  "centralBuzzerSettingSub": "Santral buzzerının ses ayarı",
  "sirenErrorSetting": "Siren Hata Ayarı",
  "sirenErrorSettingSub": "Siren hata ayarının açılması/kapatılması",
  "entryDelayTimerTitle1": "1. Giriş Süresi",
  "entryDelayTimerTitle2": "2. Giriş Süresi",
  "entryDelayTimerTitle3": "3. Giriş Süresi",
  "entryDelayTimerTitle4": "4. Giriş Süresi",
  "exitDelayTimerTitle1": "1. Çıkış Süresi",
  "exitDelayTimerTitle2": "2. Çıkış Süresi",
  "exitDelayTimerTitle3": "3. Çıkış Süresi",
  "exitDelayTimerTitle4": "4. Çıkış Süresi",
  "pttLine": "PTT Hattı (Karasal)",
  "gsmLine": "GSM Hattı (Mobil)",
  "onlyGPRSConnection": "Yalnız GPRS Bağlantı",
  "onlyGSMCall": "Yalnız GSM Arama",
  "gprsAndGSMConnection": "GSM ve GPRS Bağlantı",
  "active": "Aktif",
  "passive": "Pasif",
  "canPasswordFreeArm": "Şifresiz Kurulabilir",
  "cantPasswordFreeArm": "Şifresiz Kurulamaz",
  "onlyWithRemote": "Sadece Kumanda ile",
  "soundOpen": "Ses Açık",
  "soundClose": "Ses Kapalı",
  "minAndMaxValue": "Minimum değer 1, maksimum değer 255 olabilir.",
  "minAndMaxValue2": "Minimum değer 1, maksimum değer 10 olabilir.",
  "minAndMaxValue3": "Minimum değer 1, maksimum değer 30 olabilir.",
  "minValue": "Minimum değer 1 olabilir.",
  "maxValue": "Maksimum değer 255 olabilir.",
  "maxCallLimit": "Maksimum değer 10 olabilir.",
  "maxRingLimit": "Maksimum değer 30 olabilir.",
  "invalidValue": "Geçersiz değer girildi.",
  "fireZoneSetting": "Yangın Zonu Ayarı",
  "fireZoneSettingSub": "Yangın zonu ayarının açılması/kapatılması",
  "fireZoneClosed": "Yangın Zonu Kapalı",
  "fireZoneOpen": "Yangın Zonu Açık",
  "wrongKeypad": "Keypad üzerinden hatalı şifre girişi.",
  "zoneName1": "1. Zon",
  "zoneName2": "2. Zon",
  "zoneName3": "3. Zon",
  "zoneName4": "4. Zon",
  "zoneName5": "5. Zon",
  "zoneName6": "6. Zon",
  "zoneName7": "7. Zon",
  "zoneName8": "8. Zon",
  "zoneName9": "9. Zon",
  "zoneName10": "10. Zon",
  "zoneName11": "11. Zon",
  "zoneName12": "12. Zon",
  "zoneName13": "13. Zon",
  "zoneName14": "14. Zon",
  "zoneName15": "15. Zon",
  "zoneName16": "16. Zon",
  "zoneName17": "17. Zon",
  "zoneName18": "18. Zon",
  "zoneName19": "19. Zon",
  "zoneName20": "20. Zon",
  "zoneName21": "21. Zon",
  "zoneName22": "22. Zon",
  "zoneName23": "23. Zon",
  "zoneName24": "24. Zon",
  "zoneName25": "25. Zon",
  "zoneName26": "26. Zon",
  "zoneName27": "27. Zon",
  "zoneName28": "28. Zon",
  "zoneName29": "29. Zon",
  "zoneName30": "30. Zon",
  "zoneName31": "31. Zon",
  "zoneName32": "32. Zon",
  "chooseZoneEntryTimer": "Zone giriş süresini seçiniz",
  "rfWireless": "RF Kablosuz",
  "zoneType": "Zon Tipi",
  "zoneConnectionType": "Zon Bağlantı Tipi",
  "zoneEntryTimer": "Zon Giriş Süresi",
  "netbus": "NETBUS",
  "section1": "Bölge 1",
  "section2": "Bölge 2",
  "section3": "Bölge 3",
  "section4": "Bölge 4",
  "smsHeader": "SMS",
  "smsPhones": "SMS Numaraları",
  "smsSub": "Alarm durumlarında SMS bildirimi için telefon numarası tanımlama",
  "smsNumber": "SMS Telefon Numarası",
  "AKM1": "AKM 1",
  "AKM2": "AKM 2",
  "AKMPhone": "AKM Telefon Numarası",
  "akmPing2": "AKM Ping Aralığı (dakika)",
  "sectionHeader": "Bölge Aktif/Pasif",
  "section": "Bölge Aktif/Pasif",
  "sectionSub": "Bölgeleri aktif ya da pasif olarak tanımlama",
  "sectionSelectionHeader": "Bölge Seçim",
  "sectionSelection": "Bölge Seçim Ayarları",
  "sectionSelectionSub": "Bölge bazlı şifre, zon, kumanda, telefon ve SMS numaralarının tanımlanması",
  "sectionPasswordSelection": "Şifre-Bölge Seçimi",
  "sectionPasswordSelectionSub": "Kaydedilen kullanıcı şifrelerinin kullanılacak bölgeler ile eşleştirilmesi",
  "sectionZoneSelection": "Zon-Bölge Seçimi",
  "sectionZoneSelectionSub": "Cihaza eklenen zonların kullanılacağı bölgeler ile eşleştirilmesi",
  "sectionRemoteSelection": "Kumanda-Bölge Seçimi",
  "sectionRemoteSelectionSub": "Cihaza eklenen kumandaların kullanılacağı bölgeler ile eşleştirilmesi",
  "sectionTelephoneSelection": "Telefon-Bölge Seçimi",
  "sectionTelephoneSelectionSub": "Cihazda kayıtlı telefon numaralarının bölgeler ile eşleştirilmesi",
  "sectionSMSSelection": "SMS No-Bölge Seçimi",
  "sectionSMSSelectionSub": "Cihazda kayıtlı SMS numaralarının bölgeler ile eşleştirilmesi",
  "remoteControl": "Kumanda",
  "smsNo": "SMS No",
  "wirelessSettingsHeader": "Kablosuz Ayarları",
  "wirelessSettings": "Kablosuz Sensör Ayarları",
  "wirelessSettingsSub": "Kablosuz sensörlerin eklenmesi, silinmesi ve eklenen sensörler hakkındaki bilgiler",
  "wifiSettingsHeader": "Wifi Ayarları",
  "wifiSettings": "Wifi Ayarları",
  "wifiSettingsSub": "Cihazın wifi bağlantısı durum bilgileri ve wifi bağlantısı işlemleri",
  "addSensor": "Sensör Ekle",
  "addSensorSub": "Cihaza yeni bir kablosuz sensör ekleyebilirsiniz",
  "rfOptimization": "RF Optimizasyonu",
  "rfOptimizationSub": "Cihaza eklenen kablosuz sensörlerin optimizasyonunu sağlayabilirsiniz",
  "listSensor": "Sensör Listesi",
  "listSensorSub": "Cihaza eklenmiş kablosuz sensörleri düzenleyebilir ya da silebilirsiniz",
  "addSensorToZone": "Sensörün ekleneceği zon numarasını giriniz",
  "zoneNumber": "Zon numarası",
  "sensorList": "Sensör listesi boş",
  "addSensorToZoneSub": "Zon numarasını girdikten sonra eklemek istediğiniz sensörü tanıtmak için cihazda 60 saniyelik geri sayım başlayacaktır.",
  "deleteSensorNumber": "Silmek istediğiniz sensör numarasını giriniz",
  "sensorNumber": "Sensör numarası",
  "minAndMaxValue4": "Minimum değer 1, maksimum değer 32 olabilir.",
  "minAndMaxValue5": "Minimum değer 1, maksimum değer 99 olabilir.",
  "connectionType": "Bağlantı Tipi",
  "sensorID": "Modül ID",
  "modulType": "Modül Tipi",
  "modulName": "Modül Adı",
  "zoneNo": "Zon No",
  "reboot": "Yeniden Başlat",
  "groupNo": "Grup No",
  "batteryPower": "Pil Gücü",
  "rfPower": "RF Gücü",
  "lastDataTime": "Son Veri Zamanı",
  "modulNameInput": "Modül Adı",
  "modulZoneInput": "Zon Numarası",
  "modulGroupInput": "Grup Numarası",
  "sensorNumberHeader": "Sensör",
  "warnings": "Uyarılar",
  "warningsSub": "Bazı önemli bildirimleri/uyarıları görüntüleyebilirsiniz",
  "noAlarm": "Alarm Yok",
  "statusDashboard": "Kurulu",
  "bolgeAktif1": "Bölge 1",
  "bolgeAktif2": "Bölge 2",
  "bolgeAktif3": "Bölge 3",
  "bolgeAktif4": "Bölge 4",
  "noBatteryErr": "Sisteme bağlı akü bulunmuyor.",
  "centralDoorOpenErr": "Santral kapağı açık.",
  "noPhoneLineErr": "Telefon hattı kopuk.",
  "sirenCut": "Siren bağlantı kablosu kopuk.",
  "keypadErrorErr": "Tuş takımlarından (keypad) biri yerinden ayrılmış/çıkarılmış.",
  "connectionName": "Ağ Adı: ",
  "connectionPower": "Bağlantı Gücü: ",
  "connectionStatus": "Bağlantı Durumu",
  "disconnectConnection": "Bağlantıyı Sonlandır",
  "wifiConnectionSearch": "Wifi Bağlantısı Ara",
  "wifiConnectionSearchSub": "Cihazın bağlanabileceği wifi ağlarını görüntüleme ve bağlanma işlemleri",
  "connect": "Bağlan",
  "cantBeEmpty": "Boş bırakılamaz.",
  "findedConnections": "Bulunan Wifi Ağları",
  "relayHeader": "Röle Ayarları",
  "relaySettings": "Röle Ayarları",
  "relaySettingsSub": "Cihazda bulunan 2 rölenin ayarlarını düzenleyebilirsiniz",
  "relay": "Röle",
  "newRelayName": "Yeni Röle Adı",
  "whenArm": "Kurulduğunda",
  "whenCancel": "Kapatıldığında",
  "whenAlarm": "Alarm Durumunda",
  "whenRemoteControl": "Uzaktan Kontrol",
  "lineBrokenOrShortCircuit": "Hat kopuk ya da kısa devre.",
  "whenDisarm": "Devre Dışı",
  "statusAlarmWillSound": "Alarm Verilecek",
  "statusAlarmEmergency": "Acil Alarm Verilecek",
  "statusAlarmSudden": "Ani Alarm Verilecek",
  "statusAlarmSilent": "Sessiz Alarm Verilecek",
  "statusAlarmPanic": "Panik Alarm Verilecek",
  "statusAlarmSounded": "Alarm Verildi",
  "statusAlarmEmergencySounded": "Acil Alarm Verildi",
  "statusAlarmSuddenSounded": "Ani Alarm Verildi",
  "statusAlarmSilentSounded": "Sessiz Alarm Verildi",
  "statusAlarmPanicSounded": "Panik Alarm Verildi",
  "statusAlarmSoundEnd": "Alarm Sustu",
  "disabled": "Devre Dışı",
  "outsideArmed": "Harici Kurulu",
  "insideArmed": "Dahili Kurulu",
  "programmed": "Programlı",
  "programOutsideArmed": "Programlı Harici Kurulu",
  "programInsideArmed": "Programlı Dahili Kurulu",
  "statusAlarmFire": "Yangın Alarmı Verildi",
  "resetSystem": "Sistemi Resetle",
  "resetSystemSub": "Sistemde tanımlı bütün değerleri kurulum aşamasına döndürme işlemi",
  "resetSystemText": "Cihazda kayıtlı tüm ayarlar ve verilerinizi silecektir. Olay kaydınız ve mobil uygulama hesabınız bu işlemden etkilenmez. Sistemin resetlenmesi için güvenlik sistemi ana kartının üzerinde bulunan reset jumper pininin kısa devre edilmesi gerekir.",
  "resetModules": "Kablosuz Modülleri Sil",
  "resetModulesSub": "Sistemde tanımlı bütün kablosuz modülleri silme işlemi",
  "resetModulesText": "Cihazda kayıtlı tüm kablosuz modülleriniz silecektir. Kablosuz modülleri kullanabilmek için cihaza tekrar tanıtmanız gerekir. Kablosuz modülleri silme işlemi için güvenlik sistemi ana kartının üzerinde bulunan reset jumper pininin kısa devre edilmesi gerekir.",
  "resetAllSystem": "Fabrika Ayarlarına Dön",
  "rebootSystem": "Santral Yeniden Başlat",
  "rebootSystemSub": "Cihazınızı kapatıp açma işlemi",
  "rebootSystemText": "Cihazınız kapatılıp açılıcak herhangi bir veri kaybı olmayacaktır.",
  "resetAllSystemSub": "Sistemi fabrika ayarlarına döndürme işlemi",
  "resetAllSystemText": "Cihazınızı fabrika ayarlarına geri döndürmek cihazda kayıtlı tüm ayarlar, kablosuz modüller ve verilerinizi silecektir. Kablosuz modülleri kullanabilmek için cihaza tekrar tanıtmanız gerekir. Olay kaydınız ve mobil uygulama hesabınız bu işlemden etkilenmez. Sistemin resetlenmesi için güvenlik sistemi ana kartının üzerinde bulunan reset jumper pininin kısa devre edilmesi gerekir.",
  "atLeastOnePartition": "Sistemde en az bir bölge daima aktif olmalıdır.",
  "connected": "Bağlı",
  "notConnected": "Bağlı Değil",
  "searchWifi": "Wifi Ağları Aranıyor...",
  "cantFindWifi": "Wifi Ağı Bulunamadı.",
  "searchWifiAgain": "Wifi Ağlarını Tekrar Ara",
  "connectedWifi": "Wifi ağına bağlandı.",
  "connectedWifiErr": "Wifi ağına bağlantı başarısız oldu.",
  "connectionTimeout": "Bağlantı Zaman Aşımı",
  "wrongPassword": "Hatalı Şifre",
  "cantFindAP": "Hedef Ağ Bulunamadı",
  "connectionFailedWifi": "Bağlantı Başarısız",
  "noRegisteredWifi": "Kayıtlı Ağ Yok",
  "passwordUsed": "Bu şifre başka bir bölge ya da kullanıcı için kullanılmaktadır.",
  "fetchingData": "Cihaz Verileri Okunuyor...",
  "delModule": "Modülü Sil",
  "delModuleHeader": "Modül Silme",
  "delModuleDescription": "Modülü silme işleminden sonra modül tekrar cihaza eklenene kadar ilgili modülden herhangi bir bildirim alamayacaksınız.",
  "delModuleDescriptionConfirm": "Seçili modül cihazınızdan silinecektir. Emin misiniz?",
  "checkConnectionStatus": "Bağlantı Durumunu Kontrol Et",
  "moduleDimmer": "Dimmer Modülü",
  "moduleSensor": "Sensör Modülü",
  "moduleValve": "Vana Modülü",
  "moduleFlood": "Su Basma Modülü",
  "moduleLED": "LED Modülü",
  "moduleIR": "IR Modülü",
  "modulePIR": "PIR Modülü",
  "moduleMagnetic": "Manyetik Modülü",
  "moduleRelay": "Röle Modülü",
  "moduleOneRelay": "Tek Röle Modülü",
  "moduleCurtain": "Perde Modülü",
  "moduleOneDimmer": "Tek Dimmer Modülü",
  "moduleKeypad": "Keypad",
  "moduleConnTypeRF": "RF",
  "moduleConnTypeWire": "NETBUS",
  "motionDetected": "Hareket Algılandı!",
  "noMotionDetected": "Hareket Algılanmadı.",
  "contactOpen": "Kapı/Cam Açık!",
  "contactClose": "Kapı/Cam Kapalı.",
  "moduleAdded": "Modül başarıyla eklendi.",
  "moduleCantAdded": "Modül ekleme başarısız oldu.",
  "minAndMaxValue6": "Minimum değer 0, maksimum değer 255 olabilir.",
  "logDeviceRestart": "Cihazınız yeniden başlatıldı.",
  "logSystemTamper": "Santral kapağı açıldı.",
  "logRFJammerDetect": "Jammer hatası tespit edildi.",
  "logTelLineTroble": "Sabit telefon hat bağlantısı koptu.",
  "logRFLostDevice": "Kayıp RF cihaz tespit edildi.",
  "logRFSensorTamper": "RF sensör tamper hatası tespit edildi.",
  "logRFLowBattery": "RF sensör pil durumu hatası tespit edildi.",
  "logArmedByExternal": "Sistem mobil uygulamadan kuruldu.",
  "logArmedByGroup": "Sistem uzaktan kuruldu.",
  "logRFAdded": "Yeni bir RF cihaz sisteme eklendi.",
  "logRFDeleted": "Bir RF cihaz sistemden silindi.",
  "logArmedByAuto": "Sistem programlı modda otomatik olarak kuruldu.",
  "logSystemTamper2": "Keypad yerinden çıkarıldı.",
  "logSystemTamper3": "Siren kapağı açıldı.",
  "logAlarmBurglaryTelLine": "Sistem telefon hattı koptuğu için alarm durumuna geçti!",
  "logAlarmBurglarySiren": "Sistem siren kapağı açıldığı için alarm durumuna geçti!",
  "logAlarmBurglaryCentralDoor": "Sistem santral kapağı açıldığı için alarm durumuna geçti!",
  "logAlarmBurglaryKeypad": "Sistem keypad yerinden söküldüğü için alarm durumuna geçti!",
  "logAlarymBurglaryJammer": "Sistem jammer hatası sebebiyle alarm durumuna geçti!",
  "logSystemTamperRestore": "Santral kapağı kapatıldı.",
  "logRFJammerDetectRestore": "Jammer hatası giderildi.",
  "logTelLineTrobleRestore": "Sabit telefon hattı hatası giderildi.",
  "logRFLostDeviceRestore": "Kayıp RF cihaz hatası giderildi.",
  "logRFSensorTamperRestore": "RF sensör tamper hatası tespit edildi.",
  "logRFLowBatteryRestore": "RF sensör pil durumu hatası giderildi.",
  "logArmedByExternalRestore": "Sistem mobil uygulamadan kapatıldı.",
  "logArmedByGroupRestore": "Sistem uzaktan kapatıldı.",
  "logArmedByAutoRestore": "Sistem programlı modda otomatik olarak kapatıldı.",
  "logSystemTamper2Restore": "Keypad yerine takıldı.",
  "logSystemTamper3Restore": "Siren kapağı kapatıldı.",
  "logAlarmBurglaryTelLineRestore": "Telefon hattı kopuk hatası giderildi.",
  "logAlarmBurglarySirenRestore": "Siren kapağı kapatıldı.",
  "logAlarmBurglaryCentralDoorRestore": "Santral kapağı kapatıldı.",
  "logAlarmBurglaryKeypadRestore": "Keypad yerine takıldı.",
  "logAlarymBurglaryJammerRestore": "Jammer hatası giderildi.",
  "logBattery2": "Akü Yok.",
  "logBattery2Fixed": "Akü yok hatası giderildi."
}
